{
    "train": {
        "bert-base-uncased": 0.9425228574546796,
        "xlm-roberta-base": 0.9991244345578741,
        "bert-base-multilingual-cased": 0.9073269946404547,
        "allenai/longformer-base-4096": 0.9983406626401928,
        "microsoft/deberta-base": 0.9847936891289664,
        "distilbert-base-multilingual-cased": 0.9567709548592433,
        "roberta-base": 0.9981571878804844,
        "xlnet-base-cased": 0.9867919413055605,
        "google/electra-base-discriminator": 0.9791468594521114,
        "distilroberta-base": 0.9984314537965616,
        "distilbert-base-uncased": 0.9726870556319716,
        "albert-base-v2": 0.9677183781457639
    },
    "validation": {
        "bert-base-uncased": 0.8133424293829299,
        "xlm-roberta-base": 0.9971646967460118,
        "bert-base-multilingual-cased": 0.7046114537593338,
        "allenai/longformer-base-4096": 0.9945353078646131,
        "microsoft/deberta-base": 0.9495097757053053,
        "distilbert-base-multilingual-cased": 0.8607247272694929,
        "roberta-base": 0.9939561580799764,
        "xlnet-base-cased": 0.9592808389449922,
        "google/electra-base-discriminator": 0.9324121848505763,
        "distilroberta-base": 0.9948340572286581,
        "distilbert-base-uncased": 0.9106656117623523,
        "albert-base-v2": 0.8932865562531392
    },
    "test": {
        "bert-base-uncased": 0.8163068068279067,
        "xlm-roberta-base": 0.9972666617665376,
        "bert-base-multilingual-cased": 0.714316295739623,
        "allenai/longformer-base-4096": 0.9947601228490247,
        "microsoft/deberta-base": 0.9522028652047664,
        "distilbert-base-multilingual-cased": 0.8663024774571042,
        "roberta-base": 0.9942415935618955,
        "xlnet-base-cased": 0.95696366420953,
        "google/electra-base-discriminator": 0.9337651073947767,
        "distilroberta-base": 0.9949604594825954,
        "distilbert-base-uncased": 0.9112874644909024,
        "albert-base-v2": 0.8953442122006772
    }
}